54,blitz
59,blitz
212,blitz
413,blitz
422,blitz
449,blitz
567,blitz
634,blitz
690,blitz
761,blitz
786,blitz
843,blitz
873,blitz
915,blitz
1006,blitz
1007,blitz
1030,blitz
1254,blitz
1333,blitz
1435,blitz
1639,blitz
1784,blitz
1935,blitz
1992,blitz
2066,blitz
2110,blitz
2178,blitz
2189,blitz
2212,blitz
2390,blitz
2566,blitz
2648,blitz
2845,blitz
3092,blitz
3440,blitz
3472,blitz
3488,blitz
3574,blitz
3607,blitz
3608,blitz
3639,blitz
3802,blitz
4035,blitz
4256,blitz
4366,blitz
4413,blitz
4451,blitz
4468,blitz
4548,blitz
4551,blitz
4671,blitz
4734,blitz
4750,blitz
5050,blitz
5077,blitz
5099,blitz
5139,blitz
5167,blitz
5187,blitz
5265,blitz
5300,blitz
5407,blitz
5510,blitz
5529,blitz
5591,blitz
5626,blitz
5636,blitz
5650,blitz
5664,blitz
5712,blitz
5757,blitz
5809,blitz
5942,blitz
5957,blitz
5974,blitz
6029,blitz
6248,blitz
6370,blitz
6398,blitz
6452,blitz
6535,blitz
6574,blitz
6684,blitz
6712,blitz
6719,blitz
6800,blitz
6861,blitz
7147,blitz
7421,blitz
7474,blitz
7574,blitz
7611,blitz
7690,blitz
7695,blitz
7702,blitz
7739,blitz
7944,blitz
7946,blitz
8127,blitz
8208,blitz
8343,blitz
8380,blitz
8498,blitz
8553,blitz
8580,blitz
8590,blitz
8602,blitz
8614,blitz
8974,blitz
9102,blitz
9149,blitz
9254,blitz
9409,blitz
9435,blitz
9453,blitz
9491,blitz
9694,blitz
9723,blitz
9821,blitz
9874,blitz
9938,blitz
9955,blitz
9973,blitz
10284,blitz
10361,blitz
10432,blitz
10453,blitz
10465,blitz
10512,blitz
10518,blitz
10530,blitz
10540,blitz
10752,blitz
10916,blitz
10936,blitz
11015,blitz
11070,blitz
11102,blitz
11140,blitz
11172,blitz
11484,blitz
11641,blitz
11665,blitz
11706,blitz
11814,blitz
11815,blitz
11826,blitz
11831,blitz
11990,blitz
12006,blitz
12087,blitz
12163,blitz
12463,blitz
12686,blitz
12748,blitz
12754,blitz
12800,blitz
13023,blitz
13149,blitz
13220,blitz
13427,blitz
13507,blitz
13598,blitz
13612,blitz
13698,blitz
13772,blitz
13862,blitz
13873,blitz
14012,blitz
14015,blitz
14027,blitz
14107,blitz
14201,blitz
14213,blitz
14234,blitz
14236,blitz
14267,blitz
14332,blitz
14368,blitz
14474,blitz
14490,blitz
14548,blitz
14687,blitz
14753,blitz
14881,blitz
14949,blitz
15021,blitz
15171,blitz
15495,blitz
15714,blitz
15890,blitz
15922,blitz
15993,blitz
16070,blitz
16104,blitz
16307,blitz
16538,blitz
16600,blitz
16615,blitz
16619,blitz
16725,blitz
16737,blitz
16759,blitz
16793,blitz
16945,blitz
17403,blitz
17432,blitz
17514,blitz
17567,blitz
17574,blitz
17640,blitz
17740,blitz
17742,blitz
17799,blitz
17894,blitz
17943,blitz
17985,blitz
18171,blitz
18181,blitz
18307,blitz
18399,blitz
18406,blitz
18414,blitz
18419,blitz
18432,blitz
18454,blitz
18532,blitz
18615,blitz
18720,blitz
18782,blitz
18860,blitz
18865,blitz
19120,blitz
19128,blitz
19135,blitz
19206,blitz
19237,blitz
19522,blitz
19588,blitz
19784,blitz
19829,blitz
19834,blitz
19941,blitz
20037,blitz
20097,blitz
20137,blitz
20186,blitz
20218,blitz
20253,blitz
20257,blitz
20271,blitz
20309,blitz
20363,blitz
20495,blitz
20501,blitz
20543,blitz
20666,blitz
20743,blitz
20925,blitz
20985,blitz
21044,blitz
21059,blitz
21108,blitz
21164,blitz
21481,blitz
21484,blitz
21503,blitz
21583,blitz
21587,blitz
21779,blitz
21803,blitz
21879,blitz
22023,blitz
22058,blitz
22120,blitz
22150,blitz
22196,blitz
22223,blitz
22467,blitz
22485,blitz
22633,blitz
22694,blitz
22807,blitz
22836,blitz
22977,blitz
23031,blitz
23198,blitz
23224,blitz
23252,blitz
23487,blitz
23532,blitz
23537,blitz
23724,blitz
24057,blitz
24105,blitz
24156,blitz
24208,blitz
24243,blitz
24327,blitz
24482,blitz
24488,blitz
24639,blitz
24685,blitz
24724,blitz
24726,blitz
24746,blitz
24866,blitz
24880,blitz
18,rapid
81,rapid
119,rapid
245,rapid
250,rapid
256,rapid
278,rapid
366,rapid
402,rapid
404,rapid
420,rapid
484,rapid
523,rapid
559,rapid
588,rapid
615,rapid
799,rapid
804,rapid
848,rapid
897,rapid
954,rapid
1013,rapid
1081,rapid
1102,rapid
1119,rapid
1140,rapid
1214,rapid
1215,rapid
1281,rapid
1350,rapid
1380,rapid
1437,rapid
1453,rapid
1463,rapid
1603,rapid
1628,rapid
1630,rapid
1640,rapid
1676,rapid
1709,rapid
1740,rapid
1761,rapid
1776,rapid
1813,rapid
1832,rapid
1834,rapid
1988,rapid
2004,rapid
2086,rapid
2279,rapid
2315,rapid
2418,rapid
2424,rapid
2446,rapid
2587,rapid
2605,rapid
2633,rapid
2698,rapid
2714,rapid
2721,rapid
2798,rapid
2814,rapid
2837,rapid
2914,rapid
3000,rapid
3084,rapid
3129,rapid
3208,rapid
3219,rapid
3257,rapid
3283,rapid
3294,rapid
3454,rapid
3505,rapid
3644,rapid
3777,rapid
3803,rapid
4043,rapid
4053,rapid
4083,rapid
4100,rapid
4106,rapid
4147,rapid
4193,rapid
4199,rapid
4280,rapid
4316,rapid
4328,rapid
4338,rapid
4342,rapid
4374,rapid
4437,rapid
4524,rapid
4526,rapid
4534,rapid
4537,rapid
4571,rapid
4587,rapid
4627,rapid
4633,rapid
4780,rapid
4783,rapid
4793,rapid
4808,rapid
4810,rapid
4829,rapid
4862,rapid
4902,rapid
4945,rapid
5065,rapid
5092,rapid
5096,rapid
5101,rapid
5104,rapid
5121,rapid
5127,rapid
5129,rapid
5160,rapid
5291,rapid
5328,rapid
5329,rapid
5339,rapid
5383,rapid
5387,rapid
5501,rapid
5562,rapid
5658,rapid
5709,rapid
5760,rapid
5783,rapid
5834,rapid
5863,rapid
5894,rapid
5902,rapid
5931,rapid
6071,rapid
6086,rapid
6102,rapid
6141,rapid
6152,rapid
6234,rapid
6251,rapid
6252,rapid
6258,rapid
6336,rapid
6384,rapid
6532,rapid
6590,rapid
6633,rapid
6635,rapid
6683,rapid
6684,rapid
6762,rapid
6796,rapid
6849,rapid
6941,rapid
6953,rapid
6958,rapid
6997,rapid
7157,rapid
7175,rapid
7219,rapid
7235,rapid
7271,rapid
7310,rapid
7340,rapid
7397,rapid
7460,rapid
7500,rapid
7530,rapid
7568,rapid
7613,rapid
7721,rapid
7723,rapid
7741,rapid
7756,rapid
7825,rapid
7851,rapid
7857,rapid
7859,rapid
7869,rapid
7872,rapid
7966,rapid
8012,rapid
8029,rapid
8115,rapid
8138,rapid
8175,rapid
8186,rapid
8198,rapid
8223,rapid
8341,rapid
8344,rapid
8390,rapid
8407,rapid
8447,rapid
8519,rapid
8524,rapid
8548,rapid
8566,rapid
8587,rapid
8644,rapid
8659,rapid
8665,rapid
8678,rapid
8732,rapid
8744,rapid
8810,rapid
8905,rapid
8959,rapid
8995,rapid
9015,rapid
9057,rapid
9081,rapid
9139,rapid
9167,rapid
9301,rapid
9332,rapid
9389,rapid
9395,rapid
9444,rapid
9459,rapid
9470,rapid
9517,rapid
9525,rapid
9556,rapid
9576,rapid
9671,rapid
9844,rapid
9925,rapid
9933,rapid
10251,rapid
10323,rapid
10404,rapid
10586,rapid
10620,rapid
10632,rapid
10809,rapid
10868,rapid
10960,rapid
10976,rapid
10984,rapid
11108,rapid
11114,rapid
11122,rapid
11148,rapid
11229,rapid
11310,rapid
11340,rapid
11349,rapid
11368,rapid
11432,rapid
11475,rapid
11491,rapid
11497,rapid
11540,rapid
11558,rapid
11559,rapid
11640,rapid
11669,rapid
11694,rapid
11741,rapid
12003,rapid
12012,rapid
12030,rapid
12072,rapid
12127,rapid
12133,rapid
12150,rapid
12159,rapid
12195,rapid
12243,rapid
12273,rapid
12282,rapid
12322,rapid
12328,rapid
12370,rapid
12378,rapid
12418,rapid
12429,rapid
12440,rapid
12445,rapid
12485,rapid
12524,rapid
12592,rapid
12680,rapid
12705,rapid
12707,rapid
12722,rapid
12725,rapid
12766,rapid
12794,rapid
12884,rapid
12906,rapid
12913,rapid
12921,rapid
13036,rapid
13041,rapid
13107,rapid
13133,rapid
13135,rapid
13148,rapid
13186,rapid
13196,rapid
13276,rapid
13364,rapid
13407,rapid
13428,rapid
13464,rapid
13470,rapid
13495,rapid
13550,rapid
13557,rapid
13677,rapid
13687,rapid
13749,rapid
13754,rapid
13781,rapid
13786,rapid
13813,rapid
13922,rapid
13943,rapid
14030,rapid
14074,rapid
14102,rapid
14190,rapid
14198,rapid
14232,rapid
14308,rapid
14358,rapid
14367,rapid
14452,rapid
14484,rapid
14498,rapid
14552,rapid
14619,rapid
14838,rapid
14876,rapid
14908,rapid
14978,rapid
14980,rapid
14981,rapid
15051,rapid
15069,rapid
15075,rapid
15079,rapid
15127,rapid
15189,rapid
15201,rapid
15361,rapid
15378,rapid
15390,rapid
15421,rapid
15453,rapid
15572,rapid
15673,rapid
15701,rapid
15783,rapid
15803,rapid
15823,rapid
15839,rapid
15840,rapid
16073,rapid
16076,rapid
16098,rapid
16105,rapid
16137,rapid
16142,rapid
16173,rapid
16211,rapid
16223,rapid
16285,rapid
16306,rapid
16364,rapid
16431,rapid
16491,rapid
16492,rapid
16499,rapid
16706,rapid
16755,rapid
16785,rapid
16871,rapid
17061,rapid
17088,rapid
17226,rapid
17273,rapid
17313,rapid
17321,rapid
17331,rapid
17395,rapid
17415,rapid
17430,rapid
17510,rapid
17511,rapid
17623,rapid
17645,rapid
17759,rapid
17779,rapid
17832,rapid
17849,rapid
18049,rapid
18056,rapid
18069,rapid
18089,rapid
18188,rapid
18218,rapid
18268,rapid
18284,rapid
18344,rapid
18422,rapid
18425,rapid
18442,rapid
18484,rapid
18515,rapid
18552,rapid
18554,rapid
18609,rapid
18622,rapid
18628,rapid
18640,rapid
18680,rapid
18683,rapid
18702,rapid
18723,rapid
18730,rapid
18733,rapid
18755,rapid
18852,rapid
18928,rapid
18933,rapid
18977,rapid
18981,rapid
19015,rapid
19027,rapid
19034,rapid
19037,rapid
19054,rapid
19143,rapid
19194,rapid
19212,rapid
19390,rapid
19475,rapid
19529,rapid
19571,rapid
19596,rapid
19604,rapid
19747,rapid
19774,rapid
19788,rapid
19836,rapid
19844,rapid
19910,rapid
20031,rapid
20049,rapid
20050,rapid
20086,rapid
20193,rapid
20204,rapid
20368,rapid
20432,rapid
20529,rapid
20625,rapid
20641,rapid
20737,rapid
20775,rapid
20778,rapid
20831,rapid
20838,rapid
21024,rapid
21060,rapid
21183,rapid
21292,rapid
21330,rapid
21336,rapid
21406,rapid
21476,rapid
21546,rapid
21549,rapid
21634,rapid
21660,rapid
21714,rapid
21725,rapid
21727,rapid
21734,rapid
21754,rapid
21824,rapid
21835,rapid
21849,rapid
21884,rapid
21913,rapid
21923,rapid
21962,rapid
22014,rapid
22026,rapid
22033,rapid
22074,rapid
22137,rapid
22158,rapid
22207,rapid
22250,rapid
22461,rapid
22481,rapid
22619,rapid
22672,rapid
22682,rapid
22684,rapid
22700,rapid
22729,rapid
22817,rapid
22847,rapid
23008,rapid
23131,rapid
23149,rapid
23201,rapid
23381,rapid
23439,rapid
23502,rapid
23526,rapid
23531,rapid
23553,rapid
23566,rapid
23567,rapid
23574,rapid
23599,rapid
23621,rapid
23654,rapid
23674,rapid
23685,rapid
23757,rapid
23851,rapid
23862,rapid
23880,rapid
23946,rapid
24030,rapid
24033,rapid
24095,rapid
24131,rapid
24209,rapid
24240,rapid
24269,rapid
24305,rapid
24319,rapid
24342,rapid
24371,rapid
24472,rapid
24497,rapid
24556,rapid
24571,rapid
24598,rapid
24707,rapid
24796,rapid
24849,rapid
24889,rapid
24903,rapid
24920,rapid
